sch_id,sch_freelunch,stu_ses,stu_mathscore
1011,6,-0.0599483039078208,52.11
1011,6,1.05165224357876,57.65
1011,6,-0.863514964741495,66.44
1011,6,-0.79655107633869,44.68
1011,6,-1.61351051485292,40.57
1011,6,-1.15815607371384,35.04
1011,6,0.636476135481364,50.71
1011,6,0.0605866952172304,66.17
1011,6,-1.06440662994991,39.43
1011,6,-1.35904773892226,46.17
1011,6,0.0338011398561079,58.76
1011,6,0.234692805064526,47.97
1011,6,-0.79655107633869,39.18
1011,6,0.0605866952172304,64.63
1011,6,1.60075612848177,69.38
1011,6,0.569512247078557,32.38
1011,6,0.355227804189578,29.98
1011,6,-1.53315384876956,59.32
1011,6,-0.48851718968578,43.04
1011,6,1.85521890441244,57.83
1011,6,-0.568873855769148,46.07
1011,6,-0.649230521852515,47.74
1011,6,-0.649230521852515,48.66
1011,6,-1.35904773892226,40.8
1011,6,-0.582266633449709,66.32
1011,6,0.114157805939475,53.7
1011,6,-1.06440662994991,52.42
1011,6,0.623083357800802,71.38
1011,6,0.91772446677315,59.66
1011,6,0.0605866952172304,47.52
1011,6,-1.27869107283889,39.51
1031,1,1.58736335080121,57.57
1031,1,-1.21172718443609,42.4
1031,1,0.448977247953506,41.41
1031,1,0.355227804189578,55.22
1031,1,0.971295577495395,43.9
1031,1,1.34629335255111,53.04
1031,1,1.06504502125932,49
1031,1,0.529333914036874,62.45
1031,1,-0.274232746796801,53.78
1031,1,-0.354589412880168,49.08
1031,1,-1.01083551922767,40.25
1031,1,-0.957264408505424,43.08
1031,1,0.462370025634068,52.43
1031,1,-1.09119218531104,21.73
1031,1,-0.756372743297005,53.68
1031,1,-0.193876080713433,41.45
1031,1,0.676654468523047,45.47
1031,1,-0.957264408505424,34.06
1031,1,-0.542088300408025,33.45
1031,1,1.39986446327335,60.78
1031,1,-0.635837744171954,35.92
1031,1,0.81058224532866,52.4
1033,5,-1.02422829690823,40.69
1033,5,-2.02868662295032,43.22
1033,5,0.0338011398561079,45.57
1033,5,0.770403912286976,46.73
1033,5,-1.11797774067216,49.2
1033,5,-0.91708607546374,50.27
1033,5,-0.635837744171954,42.79
1033,5,1.01147391053708,61.03
1033,5,-0.48851718968578,53.03
1033,5,-0.287625524477362,37.98
1033,5,1.868611682093,50.42
1033,5,0.27487113810621,54.19
1033,5,-1.62690329253349,55.95
1033,5,-0.475124412005219,40.53
1033,5,-0.80994385401925,55.59
1033,5,-1.03762107458879,69.12
1033,5,1.88200445977356,54.18
1033,5,-1.30547662820002,41.88
1033,5,-0.836729409380373,47.14
1033,5,0.582905024759119,42.86
1033,5,-0.260839969116239,49.12
1033,5,-1.07779940763047,52.04
1033,5,0.435584470272945,38.34
1301,4,0.502548358675751,55
1301,4,-0.220661636074556,54.23
1301,4,0.0605866952172304,53.4
1301,4,1.44004279631504,34.34
1301,4,-0.354589412880168,48.07
1301,4,-0.180483303032872,53.65
1301,4,0.181121694342282,46.6
1301,4,1.49361390703728,60.93
1301,4,0.248085582745088,56.3
1301,4,-0.930478853144301,31.21
1301,4,-1.13137051835272,31.56
1301,4,-0.716194410255321,31.53
1301,4,0.408798914911823,59.25
1301,4,0.288263915786771,31.31
1301,4,-0.79655107633869,51.54
1301,4,-0.662623299533076,57.84
1301,4,-0.501909967366342,42.3
1301,4,0.770403912286976,56.57
1301,4,1.01147391053708,43.38
1302,3,-0.0867338592689433,33.3
1302,3,0.248085582745088,33.24
1302,3,-0.876907742422056,39.66
1302,3,-0.394767745921852,49.48
1302,3,-0.167090525352311,24.88
1302,3,-1.26529829515833,32.72
1302,3,-0.501909967366342,51.1
1302,3,0.355227804189578,48.38
1302,3,-0.876907742422056,41.14
1302,3,-0.79655107633869,27.89
1302,3,-0.742979965616444,35.12
1302,3,0.623083357800802,28.26
1302,3,0.00701558449498541,47.54
1302,3,0.91772446677315,24.28
1302,3,-0.716194410255321,46.25
1302,3,1.07843779893988,37.99
1302,3,-0.70280163257476,39.1
1302,3,-1.19833440675553,27.82
1302,3,-0.421553301282974,31.98
1302,3,1.09183057662045,29.64
1302,3,-0.421553301282974,38.47
1311,7,-0.716194410255321,39.92
1311,7,0.16772891666172,38.33
1311,7,0.114157805939475,37.38
1311,7,-0.113519414630066,34.24
1311,7,0.783796689967537,39.49
1311,7,0.984688355175956,40.33
1311,7,0.234692805064526,36.46
1311,7,-0.716194410255321,38.03
1311,7,-0.863514964741495,47.06
1311,7,-0.0197699708661371,40.75
1311,7,-1.1045849629916,38.4
1311,7,-0.140304969991188,52.93
1311,7,-0.676016077213638,26.14
1311,7,0.408798914911823,32.95
1311,7,-1.42601162732507,36.48
1311,7,0.408798914911823,44.63
1312,8,0.676654468523047,42.71
1312,8,-0.943871630824863,40.72
1312,8,0.850760578370343,36.7
1312,8,0.408798914911823,48.91
1312,8,-1.54654662645012,36.11
1312,8,0.0739794728977916,36.46
1312,8,-0.783158298658128,32.08
1312,8,0.435584470272945,47.58
1312,8,-0.769765520977566,34.62
1312,8,-0.247447191435678,39.79
1312,8,0.100765028258914,48.43
1312,8,0.408798914911823,37
1312,8,-0.823336631699811,33.62
1312,8,-1.07779940763047,49.87
1312,8,-0.943871630824863,35.84
1312,8,1.78825501600963,46.25
1342,4,-0.260839969116239,38.48
1342,4,0.0204083621755467,43.39
1342,4,1.78825501600963,61.3
1342,4,-0.341196635199607,58.4
1342,4,0.998081132856517,41.75
1342,4,-0.0465555262272595,41.86
1342,4,0.315049471147894,55.91
1342,4,-0.0331627485466983,42.07
1342,4,-0.984049963866546,36.3
1342,4,0.569512247078557,42.6
1342,4,-0.0599483039078208,42.65
1342,4,0.248085582745088,44.02
1342,4,-0.327803857519046,47.64
1342,4,-0.167090525352311,66.83
1342,4,0.0605866952172304,47.41
1342,4,0.716832801564731,61.74
1342,4,1.81504057137075,54.13
1342,4,-0.649230521852515,43.8
1342,4,0.3820133595507,41.02
1342,4,1.17218724270381,80
1342,4,-0.287625524477362,47.67
1342,4,0.636476135481364,35.73
1362,1,0.743618356925854,53.08
1362,1,1.52039946239841,56.46
1362,1,0.783796689967537,44.66
1362,1,1.2793294641483,51.6
1362,1,0.422191692592384,46.42
1362,1,-0.689408854894199,41.11
1362,1,0.676654468523047,39.67
1362,1,1.15879446502325,48.66
1362,1,-0.501909967366342,48.99
1362,1,0.663261690842486,52.12
1362,1,0.957902799814833,43.04
1362,1,-0.970657186185985,42.9
1362,1,-0.073341081588382,64.95
1362,1,0.0605866952172304,36.89
1362,1,1.61414890616233,53.68
1362,1,-0.930478853144301,55.06
1362,1,-0.394767745921852,46.62
1362,1,0.16772891666172,43.12
1362,1,-0.0867338592689433,44.06
1362,1,2.02932501425973,57.07
1362,1,1.46682835167616,39.24
1362,1,0.716832801564731,64.21
1362,1,0.716832801564731,48.96
1362,1,0.59629780243968,57.18
1371,6,0.797189467648099,43.19
1371,6,0.16772891666172,39.72
1371,6,0.408798914911823,47.76
1371,6,1.01147391053708,33.5
1371,6,-0.676016077213638,30.87
1371,6,-0.301018302157923,34.06
1371,6,0.823975023009221,43.95
1371,6,0.288263915786771,37.08
1371,6,0.181121694342282,49.7
1371,6,-0.140304969991188,49.83
1371,6,0.3820133595507,35.36
1371,6,0.355227804189578,53.48
1371,6,-1.38583329428338,34.91
1371,6,1.07843779893988,43.36
1371,6,-0.394767745921852,49.23
1371,6,-0.756372743297005,27.9
1371,6,-0.542088300408025,56.5
1371,6,1.07843779893988,28.83
1621,3,1.33290057487055,60.86
1621,3,1.58736335080121,60.7
1621,3,1.34629335255111,67.69
1621,3,2.3507516785932,61.74
1621,3,0.757011134606415,46.47
1621,3,0.341835026509016,56.55
1621,3,1.42665001863448,65.89
1621,3,-0.327803857519046,47.89
1621,3,1.78825501600963,63.34
1621,3,1.25254390878718,44.12
1621,3,0.837367800689782,62.18
1631,4,-0.756372743297005,45.18
1631,4,-1.86797329078359,29.99
1631,4,0.328442248828455,63.71
1631,4,0.422191692592384,59.97
1631,4,-0.314411079838484,65.09
1631,4,2.1096816803431,64.5
1631,4,2.33735890091264,53.72
1631,4,1.84182612673187,62.08
1631,4,-1.65368884789461,46.41
1631,4,1.94896834817637,62.56
1631,4,0.448977247953506,27.04
1631,4,-0.649230521852515,61.06
1631,4,-0.957264408505424,39.03
1631,4,-0.274232746796801,41.68
1631,4,-0.70280163257476,50.54
1631,4,-1.22511996211665,41.53
1631,4,-0.0867338592689433,35.41
1631,4,-0.863514964741495,64.69
1631,4,-0.59565941113027,38.45
1631,4,0.448977247953506,32.06
1631,4,0.676654468523047,41.42
1631,4,1.68111279456514,79.01
1631,4,-1.1715488513944,47.2
1631,4,-0.689408854894199,41.93
1631,4,2.13646723570422,68.93
1631,4,1.0382594658982,67.64
1631,4,-0.903693297783179,53.5
1631,4,-0.0867338592689433,34.03
1631,4,-1.38583329428338,45.83
1631,4,-1.21172718443609,51.62
1642,6,0.730225579245292,49.08
1642,6,0.716832801564731,63.32
1642,6,-0.314411079838484,45.7
1642,6,2.08289612498198,50.52
1642,6,1.35968613023167,54.41
1642,6,0.70344002388417,46.11
1642,6,1.46682835167616,46.81
1642,6,0.569512247078557,55.59
1642,6,0.0605866952172304,41.36
1642,6,-0.0197699708661371,63.6
1642,6,-1.11797774067216,51.93
1642,6,2.20343112410703,35.46
1642,6,0.301656693467333,59.07
1642,6,0.529333914036874,53.82
1642,6,-1.22511996211665,37.53
1642,6,-0.0867338592689433,48.66
1642,6,-0.367982190560729,57.47
1642,6,0.502548358675751,33.41
1642,6,0.154336138981159,45.55
1651,3,-1.42601162732507,53.66
1651,3,1.05165224357876,63.85
1651,3,0.0338011398561079,50.86
1651,3,-0.394767745921852,65.24
1651,3,1.9355755704958,74.73
1651,3,1.11861613198157,56.98
1651,3,0.81058224532866,47.92
1651,3,1.34629335255111,52.15
1651,3,0.663261690842486,51.38
1651,3,1.02486668821764,72.17
1651,3,0.663261690842486,45.71
1651,3,1.61414890616233,61.74
1651,3,0.341835026509016,55.51
1651,3,0.261478360425649,62.97
1651,3,0.288263915786771,63.22
1651,3,0.864153356050905,59.2
1651,3,0.81058224532866,64.09
1651,3,2.24360945714871,55.36
1661,5,1.25254390878718,64.33
1661,5,-0.38137496824129,41.46
1661,5,1.30611501950943,64.61
1661,5,-0.0465555262272595,61.06
1661,5,1.17218724270381,51.38
1661,5,0.301656693467333,52.42
1661,5,-0.622444966491393,53.56
1661,5,-1.14476329603328,45.25
1661,5,0.154336138981159,54.74
1661,5,0.609690580120241,61.15
1661,5,1.90879001513468,72.08
1661,5,0.27487113810621,55.13
1662,3,0.957902799814833,48.18
1662,3,1.29272224182886,56.3
1662,3,0.716832801564731,60.36
1662,3,0.93111724445371,64.65
1662,3,0.984688355175956,62.42
1662,3,0.355227804189578,50.32
1662,3,-0.515302745046903,57.32
1662,3,0.261478360425649,57.96
1662,3,0.864153356050905,52.73
1662,3,0.462370025634068,54.95
1662,3,0.690047246203609,60.49
1662,3,1.26593668646774,43.01
1662,3,1.46682835167616,60.25
1662,3,1.70789834992626,50.76
1662,3,0.194514472022843,64.58
1662,3,-0.448338856644097,47.55
1662,3,1.66772001688458,53.35
1662,3,0.301656693467333,55.9
1662,3,2.1096816803431,64.38
1662,3,0.93111724445371,62.8
1662,3,2.36414445627376,60.49
1662,3,1.70789834992626,53.81
1662,3,1.46682835167616,33.85
1891,6,-0.394767745921852,47.51
1891,6,-0.970657186185985,35.25
1891,6,1.48022112935672,36.51
1891,6,-0.79655107633869,37.49
1891,6,-0.461731634324658,41.33
1891,6,0.649868913161925,27.09
1891,6,-1.05101385226935,40.31
1892,5,1.44004279631504,50
1892,5,1.49361390703728,69.18
1892,5,0.422191692592384,57.08
1892,5,0.623083357800802,58.62
1892,5,-0.421553301282974,52.35
1892,5,-0.421553301282974,43.85
1892,5,0.114157805939475,38.6
1892,5,-0.38137496824129,44.71
1892,5,-0.180483303032872,54.67
1892,5,1.4534355739956,56.13
1892,5,-0.555481078088587,37.27
1892,5,0.971295577495395,45.1
1892,5,0.569512247078557,57.79
1892,5,-1.06440662994991,41
1901,7,-0.0331627485466983,47.34
1901,7,-1.49297551572787,29.54
1901,7,0.435584470272945,52.91
1901,7,-0.287625524477362,51.36
1901,7,-0.434946078963535,33.92
1901,7,1.05165224357876,36.91
1901,7,0.676654468523047,44.53
1901,7,1.49361390703728,56.28
1901,7,0.569512247078557,50.14
1901,7,1.10522335430101,37.72
1901,7,-1.54654662645012,52.18
1901,7,-0.180483303032872,28.26
1902,5,0.328442248828455,61.95
1902,5,-0.649230521852515,62.39
1902,5,0.194514472022843,50.35
1902,5,0.502548358675751,42.87
1902,5,-0.247447191435678,33.17
1902,5,0.81058224532866,53.31
1902,5,0.904331689092588,31.59
1902,5,0.823975023009221,50.33
1902,5,0.234692805064526,29.94
1902,5,-0.421553301282974,47.93
1902,5,0.0338011398561079,46.02
1902,5,-0.689408854894199,51.61
1902,5,-0.234054413755117,50.06
1902,5,0.408798914911823,39.9
1902,5,-0.354589412880168,47.67
1902,5,-0.542088300408025,47.89
1902,5,-0.421553301282974,48.23
1902,5,-0.207268858393994,45.02
1902,5,1.35968613023167,36.33
1902,5,-0.662623299533076,40.69
1911,3,1.90879001513468,55.84
1911,3,1.2793294641483,44.34
1911,3,-0.220661636074556,41.06
1911,3,-1.29208385051945,55.06
1911,3,0.542726691717435,56.05
1911,3,1.44004279631504,55.66
1911,3,0.301656693467333,44.44
1911,3,0.448977247953506,59.63
1911,3,1.6275416838429,60.78
1911,3,1.10522335430101,42.84
1911,3,-0.957264408505424,54.13
1911,3,1.58736335080121,60.07
1911,3,0.100765028258914,50.73
1911,3,0.181121694342282,36.07
1911,3,0.3820133595507,43.85
1912,6,1.11861613198157,56.5
1912,6,2.1096816803431,60.1
1912,6,-0.943871630824863,59.46
1912,6,-1.27869107283889,49.95
1912,6,-0.193876080713433,46.1
1912,6,0.797189467648099,64.68
1912,6,-0.073341081588382,30.95
1912,6,-0.434946078963535,47.95
1912,6,0.100765028258914,40.74
1912,6,1.46682835167616,61.53
1912,6,-0.38137496824129,40.16
1912,6,1.38647168559279,40.33
1912,6,-0.0063771931855758,46.7
1912,6,-0.287625524477362,40.64
1912,6,1.25254390878718,48.21
1912,6,0.529333914036874,59.07
1912,6,1.60075612848177,53.81
1912,6,-1.30547662820002,35.9
1912,6,0.3820133595507,32.13
1912,6,-0.341196635199607,51.67
1912,6,1.2123655757455,55.1
1912,6,-0.073341081588382,46.63
1912,6,-0.073341081588382,50.33
1912,6,-0.876907742422056,31.09
1913,5,0.140943361300598,52.33
1913,5,-0.542088300408025,35.94
1913,5,0.0338011398561079,48.13
1913,5,0.27487113810621,48.31
1913,5,2.31057334555152,63.37
1913,5,0.797189467648099,53.66
1913,5,1.57397057312065,65.18
1913,5,-0.421553301282974,48.21
1913,5,0.368620581870139,44.47
1913,5,0.0739794728977916,44.97
1913,5,0.823975023009221,68.85
1913,5,0.623083357800802,45.95
1913,5,0.529333914036874,55.01
1913,5,1.78825501600963,53.52
2201,5,0.100765028258914,36.85
2201,5,0.114157805939475,37.33
2201,5,0.730225579245292,45.89
2201,5,0.81058224532866,47.74
2201,5,0.515941136356312,62.68
2201,5,-1.19833440675553,57.83
2201,5,-2.18939995511706,33.14
2201,5,-0.421553301282974,26.73
2201,5,0.00701558449498541,32.41
2201,5,1.22575835342606,49.68
2201,5,0.194514472022843,50.72
2201,5,0.59629780243968,53.03
2201,5,1.44004279631504,49.08
2201,5,0.288263915786771,51.83
2201,5,0.636476135481364,48.34
2201,5,-0.48851718968578,46.94
2201,5,1.46682835167616,56.26
2201,5,-0.970657186185985,38.38
2201,5,-0.957264408505424,39.84
2201,5,-0.314411079838484,46.22
2202,7,-1.09119218531104,42.9
2202,7,0.462370025634068,48.89
2202,7,1.19897279806494,52.65
2202,7,-1.30547662820002,43.33
2202,7,0.462370025634068,26.33
2202,7,-0.153697747671749,55.05
2202,7,-0.783158298658128,32.43
2202,7,-0.0465555262272595,54.12
2202,7,-0.421553301282974,41.91
2202,7,1.6945055722457,48.47
2202,7,-0.274232746796801,58.24
2202,7,0.315049471147894,59.8
2202,7,-1.22511996211665,35.43
2202,7,0.556119469397996,39.51
2202,7,0.70344002388417,55.59
2202,7,-0.689408854894199,38.48
2202,7,-0.957264408505424,38.27
2202,7,-1.07779940763047,41.68
2202,7,-0.528695522727464,38.66
2391,8,-1.1045849629916,51.03
2391,8,-0.930478853144301,26.07
2391,8,-0.689408854894199,47.08
2391,8,-0.207268858393994,43.41
2391,8,-1.22511996211665,50.69
2391,8,1.2793294641483,46.07
2391,8,0.448977247953506,50.94
2391,8,-1.1045849629916,39.71
2391,8,0.797189467648099,42.96
2391,8,-0.823336631699811,40.73
2391,8,-0.193876080713433,54.64
2391,8,-0.394767745921852,46.59
2391,8,2.17664556874591,58.86
2391,8,0.0605866952172304,42.51
2391,8,-0.100126636949505,39.88
2391,8,0.288263915786771,55.37
2391,8,0.315049471147894,45.78
2391,8,-0.0465555262272595,42.42
2391,8,-0.408160523602413,54.48
2391,8,0.890938911412027,57.12
2391,8,1.02486668821764,62.45
2391,8,0.890938911412027,34.02
2391,8,1.61414890616233,50.25
2391,8,-0.461731634324658,45.87
2391,8,-0.997442741547107,29.29
2391,8,1.44004279631504,32.75
2391,8,-0.729587187935883,51.69
2391,8,-1.06440662994991,52.64
2391,8,0.556119469397996,50.24
2391,8,-0.957264408505424,52.85
2401,7,1.10522335430101,69.02
2401,7,-0.48851718968578,44.67
2401,7,-0.126912192310627,39.38
2401,7,-0.957264408505424,41.27
2401,7,-0.126912192310627,43.9
2401,7,0.690047246203609,44.08
2401,7,-1.30547662820002,23.71
2401,7,0.48915558099519,35.95
2401,7,-0.515302745046903,51.23
2401,7,-1.77422384701966,28.43
2401,7,0.408798914911823,52.74
2401,7,0.556119469397996,46.96
2411,4,0.301656693467333,52.52
2411,4,1.53379224007897,55.59
2411,4,1.42665001863448,72.27
2411,4,2.19003834642647,50.47
2411,4,1.56057779544009,54.91
2411,4,1.2793294641483,61.6
2411,4,-0.662623299533076,28.34
2411,4,-0.783158298658128,47.49
2411,4,1.42665001863448,66.12
2411,4,1.90879001513468,35.97
2411,4,-1.06440662994991,31.54
2411,4,0.890938911412027,58.87
2411,4,1.15879446502325,50.02
2411,4,-0.38137496824129,46.9
2411,4,0.716832801564731,51.75
2411,4,0.0204083621755467,55.08
2411,4,0.3820133595507,46.69
2411,4,2.36414445627376,57.64
2411,4,2.19003834642647,57.8
2411,4,0.944510022134272,51.95
2411,4,1.68111279456514,56.83
2411,4,1.44004279631504,49.12
2412,4,0.797189467648099,58.61
2412,4,0.408798914911823,50.49
2412,4,1.6945055722457,52.13
2412,4,0.730225579245292,66.68
2412,4,-0.140304969991188,42.49
2412,4,1.42665001863448,54.6
2412,4,-1.07779940763047,50.42
2412,4,-1.64029607021405,40.2
2412,4,-1.27869107283889,50.97
2412,4,0.91772446677315,23
2412,4,0.127550583620037,35.38
2412,4,1.46682835167616,44.29
2412,4,-0.394767745921852,41.89
2412,4,0.355227804189578,52.86
2412,4,0.770403912286976,45.74
2412,4,1.17218724270381,42.89
2412,4,-0.274232746796801,41.18
2412,4,0.877546133731466,30.39
2412,4,0.234692805064526,53.76
2412,4,-0.742979965616444,45.65
2511,7,0.91772446677315,38.93
2511,7,-1.89475884614471,49.44
2511,7,-1.02422829690823,43.03
2511,7,-0.113519414630066,48.99
2511,7,1.90879001513468,64.64
2511,7,-0.247447191435678,52.17
2511,7,0.770403912286976,56.17
2511,7,-0.742979965616444,40.49
2511,7,-0.876907742422056,55.72
2511,7,-0.970657186185985,45.73
2511,7,1.85521890441244,57.96
2511,7,-0.260839969116239,42.69
2511,7,1.22575835342606,44.5
2511,7,1.9355755704958,57.67
2511,7,-0.0331627485466983,46.95
2511,7,1.76146946064851,48.4
2522,1,2.1096816803431,61.35
2522,1,-0.528695522727464,42.11
2522,1,0.984688355175956,47.24
2522,1,0.623083357800802,62.73
2522,1,0.48915558099519,53.7
2522,1,-0.0197699708661371,51.61
2522,1,0.475762803314629,59.88
2522,1,1.11861613198157,42.29
2522,1,0.636476135481364,48.44
2522,1,1.02486668821764,28.28
2522,1,-0.113519414630066,33.3
2522,1,2.14986001338478,54.71
2522,1,1.68111279456514,65.09
2522,1,1.46682835167616,50.07
2522,1,1.80164779369019,46.23
2522,1,1.46682835167616,69.53
2522,1,1.46682835167616,42.83
2522,1,0.422191692592384,45.59
2522,1,0.475762803314629,53.91
2522,1,-0.609052188810832,46.81
2522,1,0.27487113810621,47.19
2522,1,0.0873722505783528,29.78
2541,4,0.261478360425649,47.43
2541,4,0.154336138981159,54.6
2541,4,0.341835026509016,46.82
2541,4,-0.421553301282974,43.87
2541,4,1.2123655757455,39.77
2541,4,1.34629335255111,56.65
2541,4,1.34629335255111,54.88
2541,4,2.36414445627376,55.58
2541,4,0.475762803314629,53.54
2541,4,0.207907249703404,47.03
2541,4,-0.100126636949505,48.43
2541,4,-0.287625524477362,57.62
2541,4,0.27487113810621,54.61
2541,4,1.33290057487055,51.2
2541,4,0.770403912286976,46.28
2542,2,0.59629780243968,48.56
2542,2,-0.274232746796801,61.41
2542,2,-1.50636829340843,48.18
2542,2,-0.582266633449709,45.4
2542,2,-0.91708607546374,46.43
2542,2,0.649868913161925,42.42
2542,2,-0.274232746796801,43.13
2542,2,0.154336138981159,45.04
2542,2,1.09183057662045,50.79
2542,2,0.542726691717435,40.94
2542,2,0.0739794728977916,39.68
2542,2,-0.59565941113027,40.89
2542,2,0.515941136356312,56.92
2542,2,0.154336138981159,46.66
2542,2,0.770403912286976,62.13
2542,2,-1.18494162907496,32.96
2542,2,0.0338011398561079,64.23
2542,2,-0.367982190560729,51.18
2542,2,-0.234054413755117,30.22
2542,2,-1.62690329253349,45.72
2542,2,-0.890300520102618,56.13
2542,2,0.341835026509016,39.2
2542,2,0.194514472022843,69.96
2542,2,-1.09119218531104,40.29
2542,2,-0.408160523602413,47.09
2542,2,-1.65368884789461,36.36
2551,6,-1.38583329428338,53.09
2551,6,0.515941136356312,60.93
2551,6,-0.582266633449709,36.74
2551,6,0.475762803314629,53.17
2551,6,0.221300027383965,55.87
2551,6,-0.247447191435678,42.1
2551,6,-0.876907742422056,35.48
2551,6,0.3820133595507,51.42
2551,6,1.90879001513468,42.94
2551,6,-0.649230521852515,40.95
2551,6,1.25254390878718,42.25
2551,6,0.59629780243968,37.05
2551,6,1.41325724095392,51.34
2551,6,1.23915113110662,40.63
2551,6,-0.193876080713433,56.11
2551,6,2.45789390003769,38.38
2551,6,1.89539723745412,42.16
2551,6,0.422191692592384,50.08
2551,6,-0.274232746796801,55.57
2551,6,0.864153356050905,37.14
2551,6,0.3820133595507,48.86
2551,6,1.25254390878718,40.8
2551,6,1.98914668121805,50.39
2551,6,0.140943361300598,33.39
2552,7,0.435584470272945,54.16
2552,7,0.957902799814833,71.24
2552,7,1.6945055722457,44.45
2552,7,1.61414890616233,69.88
2552,7,0.529333914036874,40.11
2552,7,-0.38137496824129,51.02
2552,7,-1.50636829340843,30.98
2552,7,1.74807668296795,72.24
2552,7,1.44004279631504,64.95
2552,7,1.35968613023167,57.94
2552,7,0.448977247953506,51.11
2552,7,0.0605866952172304,47.75
2552,7,-0.609052188810832,56.79
2552,7,0.904331689092588,61.87
2552,7,0.301656693467333,56.46
2552,7,0.850760578370343,60.73
2552,7,1.37307890791223,58.01
2562,2,1.14540168734269,59.28
2562,2,0.823975023009221,58.58
2562,2,2.05611056962085,58.9
2562,2,0.435584470272945,52.69
2562,2,0.59629780243968,76.17
2562,2,0.70344002388417,57.19
2562,2,0.59629780243968,48.41
2562,2,0.355227804189578,41.89
2562,2,-0.957264408505424,50.8
2562,2,1.25254390878718,53.61
2562,2,0.904331689092588,42.9
2562,2,0.0338011398561079,42.45
2563,7,-1.7608310693391,30.35
2563,7,-0.327803857519046,42.99
2563,7,0.395406137231261,63.21
2563,7,0.663261690842486,56.56
2563,7,0.248085582745088,54.17
2563,7,-0.501909967366342,44.47
2563,7,-0.649230521852515,33.19
2563,7,0.582905024759119,42.14
2563,7,-1.19833440675553,41.91
2563,7,-1.64029607021405,42.02
2563,7,-2.14922162207537,52.83
2563,7,-0.984049963866546,49.6
2563,7,-1.64029607021405,44.37
2563,7,0.971295577495395,53.14
2563,7,-1.27869107283889,39.47
2563,7,-2.09565051135313,45.52
2563,7,-0.823336631699811,49.79
2563,7,0.663261690842486,39.66
2563,7,-0.234054413755117,46.24
2563,7,1.09183057662045,62.17
2563,7,0.730225579245292,49.7
2563,7,-1.29208385051945,49.25
2563,7,-0.783158298658128,45.03
2563,7,-1.11797774067216,59.1
2563,7,-1.19833440675553,25.86
2563,7,-0.234054413755117,42.98
2563,7,-0.863514964741495,46.3
2563,7,-1.01083551922767,51.18
2563,7,-0.957264408505424,34.29
2563,7,0.288263915786771,52.13
2563,7,-1.03762107458879,36.66
2563,7,-1.65368884789461,48.32
2671,2,-0.073341081588382,49.9
2671,2,1.29272224182886,49.49
2671,2,0.194514472022843,42.31
2671,2,-0.247447191435678,56.69
2671,2,-0.0197699708661371,36.17
2671,2,1.46682835167616,60.91
2671,2,0.408798914911823,55.56
2671,2,-0.180483303032872,49.56
2671,2,-0.434946078963535,38.58
2671,2,1.53379224007897,70.51
2671,2,0.48915558099519,57.09
2671,2,0.3820133595507,55.89
2671,2,0.783796689967537,51.39
2671,2,0.181121694342282,53.39
2671,2,0.770403912286976,55.84
2671,2,0.998081132856517,47.93
2683,7,-1.39922607196394,62.49
2683,7,-1.02422829690823,40.71
2683,7,-0.903693297783179,45
2683,7,-0.729587187935883,51.98
2683,7,-0.38137496824129,47.92
2683,7,-1.42601162732507,33.51
2683,7,0.27487113810621,36.24
2683,7,-0.649230521852515,46.31
2683,7,-1.97511551222808,45.34
2683,7,-0.984049963866546,37.03
2683,7,-0.70280163257476,44.82
2683,7,-0.756372743297005,59.26
2683,7,-0.823336631699811,66.58
2683,7,-0.542088300408025,34.61
2683,7,-1.54654662645012,44.79
2683,7,-0.220661636074556,38.2
2683,7,-0.0599483039078208,52.56
2683,7,-0.421553301282974,41.62
2683,7,0.944510022134272,44.18
2683,7,-0.622444966491393,52.65
2683,7,-1.61351051485292,32.13
2683,7,0.757011134606415,51.08
2683,7,0.0873722505783528,43.51
2683,7,0.676654468523047,44.29
2683,7,-0.836729409380373,49.34
2683,7,-1.519761071089,58.64
2683,7,-1.53315384876956,42.78
2781,4,-0.207268858393994,36.94
2781,4,-0.421553301282974,46.98
2781,4,-1.43940440500563,47.72
2781,4,-0.448338856644097,56.35
2781,4,-0.769765520977566,54.04
2781,4,-0.997442741547107,36.68
2781,4,1.2793294641483,71.04
2781,4,-0.193876080713433,45.19
2781,4,1.37307890791223,33.5
2781,4,-0.582266633449709,29.68
2781,4,0.181121694342282,47.56
2781,4,-0.167090525352311,47.76
2781,4,-0.957264408505424,50.26
2781,4,2.16325279106534,58.06
2781,4,0.676654468523047,45.39
2781,4,-0.140304969991188,43.27
2781,4,0.890938911412027,63.01
2781,4,0.288263915786771,50.36
2781,4,0.957902799814833,53.35
2781,4,0.0338011398561079,49.95
2781,4,0.649868913161925,44.5
2781,4,0.181121694342282,52.41
2781,4,-0.193876080713433,52.28
2781,4,0.757011134606415,49.08
2781,4,-0.542088300408025,59.25
2782,8,0.0204083621755467,59.42
2782,8,-1.25190551747777,44.55
2782,8,-0.70280163257476,48.82
2782,8,0.408798914911823,51.96
2782,8,1.72129112760682,49.13
2782,8,1.54718501775953,69.36
2782,8,-1.53315384876956,55.68
2782,8,-1.19833440675553,46.28
2782,8,-0.689408854894199,58.64
2782,8,-1.73404551397798,54.75
2782,8,1.41325724095392,53.94
2782,8,0.91772446677315,72.89
2782,8,0.93111724445371,70.76
2782,8,-0.649230521852515,44.91
2782,8,-0.0063771931855758,73.88
2782,8,0.328442248828455,60.89
2782,8,-0.716194410255321,47.69
2782,8,-0.876907742422056,59.76
2782,8,0.114157805939475,57.45
2782,8,0.797189467648099,62.14
2782,8,-1.64029607021405,61.47
2782,8,1.25254390878718,48.15
2791,6,-0.622444966491393,52.87
2791,6,0.837367800689782,50.03
2791,6,-1.57333218181124,41.51
2791,6,1.46682835167616,37.42
2791,6,1.18558002038437,64.42
2791,6,-1.42601162732507,45.44
2791,6,-0.354589412880168,46.06
2791,6,-1.07779940763047,46.37
2791,6,0.0605866952172304,46.66
2791,6,-1.18494162907496,29.01
2791,6,-0.234054413755117,35.69
2791,6,-0.836729409380373,49.16
2791,6,-0.635837744171954,55.9
2791,6,-1.42601162732507,45.84
2791,6,-0.742979965616444,35.44
2791,6,-1.1715488513944,43.21
2791,6,0.368620581870139,48.36
2791,6,-1.42601162732507,74.14
2791,6,0.529333914036874,46.76
2791,6,-1.37244051660282,36.97
2791,6,-1.1045849629916,43.84
2791,6,-1.78761662470022,43.24
2791,6,2.19003834642647,56.9
2791,6,-1.80100940238078,47.64
2791,6,-1.61351051485292,38.84
2791,6,-1.05101385226935,42.96
2791,6,-1.11797774067216,41.58
2791,6,-2.35011328728379,45.96
2792,7,-0.140304969991188,80.02
2792,7,1.53379224007897,62.47
2792,7,1.48022112935672,66.48
2792,7,0.797189467648099,52.83
2792,7,-1.25190551747777,44.79
2792,7,-0.354589412880168,48.08
2792,7,-1.15815607371384,41.06
2792,7,-1.13137051835272,49.99
2792,7,-0.0465555262272595,33.41
2792,7,-1.15815607371384,35.25
2792,7,-0.622444966491393,52.75
2792,7,-0.247447191435678,47.9
2792,7,0.877546133731466,47.48
2792,7,-0.676016077213638,48.89
2792,7,1.60075612848177,59.58
2801,6,-0.515302745046903,49.72
2801,6,-1.42601162732507,49.23
2801,6,-1.22511996211665,57
2801,6,-0.180483303032872,35.73
2801,6,-1.31886940588058,58.75
2801,6,-0.850122187060934,42.01
2801,6,1.80164779369019,28.94
2801,6,0.502548358675751,50.73
2801,6,-0.0599483039078208,48.34
2801,6,0.355227804189578,51.79
2801,6,-0.930478853144301,50.66
2801,6,0.690047246203609,63.51
2801,6,0.395406137231261,46.16
2801,6,-0.876907742422056,58.61
2801,6,1.23915113110662,40.67
2801,6,-0.193876080713433,46.2
2801,6,-2.36350606496435,59.87
2802,4,-0.542088300408025,45.39
2802,4,-0.716194410255321,50.05
2802,4,0.248085582745088,42.21
2802,4,0.542726691717435,40.26
2802,4,0.0471939175366691,47.12
2802,4,0.248085582745088,52.32
2802,4,0.207907249703404,56.05
2802,4,-1.92154440150583,34.62
2802,4,0.823975023009221,42.59
2802,4,-1.77422384701966,39.96
2802,4,-0.850122187060934,37.14
2802,4,-0.38137496824129,55.71
2802,4,-0.461731634324658,36.06
2802,4,1.06504502125932,44.56
2802,4,-1.88136606846415,53.34
2811,8,-1.39922607196394,48.97
2811,8,-0.930478853144301,64.48
2811,8,-0.100126636949505,30.88
2811,8,-0.649230521852515,24.8
2811,8,0.569512247078557,32.03
2811,8,-1.02422829690823,35.77
2811,8,-1.7608310693391,27.67
2811,8,-0.0063771931855758,35.16
2811,8,-0.863514964741495,25.84
2811,8,-1.31886940588058,31.74
2811,8,-1.25190551747777,56.34
2811,8,-1.37244051660282,34.66
2811,8,-0.367982190560729,38.08
2811,8,-1.96172273454752,46.73
2811,8,-1.23851273979721,46.04
2811,8,-0.461731634324658,47.03
2811,8,-1.09119218531104,37.63
2811,8,-1.47958273804731,45.26
2811,8,-0.448338856644097,40.39
2811,8,-1.14476329603328,49.96
2811,8,-0.930478853144301,44.24
2812,6,0.368620581870139,59.68
2812,6,-1.1045849629916,33.7
2812,6,0.0739794728977916,53.87
2812,6,1.35968613023167,53
2812,6,1.0382594658982,51.18
2812,6,-0.327803857519046,50.93
2812,6,-1.88136606846415,39.05
2812,6,-0.461731634324658,47.81
2812,6,-1.23851273979721,37.77
2812,6,0.757011134606415,46.15
2812,6,-0.70280163257476,49.05
2812,6,-0.354589412880168,38.3
2812,6,-1.42601162732507,47.66
2812,6,-0.260839969116239,46.36
2812,6,-0.0063771931855758,37.35
2812,6,-1.14476329603328,41.99
2812,6,-2.1760071774365,31.38
2812,6,-1.23851273979721,38.33
2812,6,-1.39922607196394,33.31
2812,6,-1.42601162732507,41.66
2821,7,-0.314411079838484,43.82
2821,7,-1.05101385226935,27.5
2821,7,-0.314411079838484,42.43
2821,7,-0.756372743297005,49.32
2821,7,0.194514472022843,62.03
2821,7,0.435584470272945,35.68
2821,7,-0.0867338592689433,49.26
2821,7,0.837367800689782,48.02
2821,7,-0.783158298658128,55.13
2821,7,0.636476135481364,48.68
2821,7,-0.876907742422056,43.07
2821,7,-0.314411079838484,32.8
2821,7,1.56057779544009,49.26
2821,7,-1.47958273804731,45.14
2821,7,0.48915558099519,45.21
2821,7,-1.50636829340843,32.34
2821,7,-0.153697747671749,60.05
2821,7,0.877546133731466,50.35
2821,7,0.301656693467333,42.91
2821,7,1.46682835167616,58.76
2821,7,-1.3456549612417,58.37
2821,7,0.890938911412027,49.1
2822,3,-1.06440662994991,34.89
2822,3,-0.515302745046903,42.81
2822,3,-0.247447191435678,43
2822,3,-1.37244051660282,48.71
2822,3,-0.729587187935883,24.36
2822,3,-0.850122187060934,35.08
2822,3,-0.622444966491393,40.33
2822,3,-1.03762107458879,36.05
2822,3,-1.1715488513944,43.37
2822,3,-0.689408854894199,29.88
2822,3,-1.22511996211665,39.48
2822,3,-0.582266633449709,30.9
2822,3,-0.676016077213638,41.1
2822,3,0.140943361300598,46.97
2822,3,-1.37244051660282,35.51
2831,7,-1.22511996211665,41.55
2831,7,-1.30547662820002,29.84
2831,7,-1.65368884789461,49.14
2831,7,0.422191692592384,57.8
2831,7,-1.18494162907496,44.15
2831,7,-0.863514964741495,29.21
2831,7,-0.903693297783179,58.24
2831,7,-0.180483303032872,47.22
2831,7,-0.542088300408025,37.36
2831,7,0.730225579245292,29.06
2831,7,0.100765028258914,39.84
2831,7,-1.39922607196394,47.1
2831,7,-0.193876080713433,38.98
2831,7,-0.542088300408025,40.91
2831,7,-0.274232746796801,46.81
2831,7,-1.35904773892226,35.26
2831,7,0.690047246203609,40.45
2831,7,-1.64029607021405,35.52
2832,2,-1.18494162907496,66.26
2832,2,1.01147391053708,66.12
2832,2,-0.528695522727464,71.22
2832,2,-1.07779940763047,54.9
2832,2,-0.475124412005219,61.98
2832,2,0.663261690842486,69.42
2832,2,0.00701558449498541,61.22
2832,2,-1.33226218356114,62.99
2832,2,-1.02422829690823,57.99
2832,2,-1.41261884964451,61.33
2832,2,-0.113519414630066,66.85
2832,2,1.38647168559279,67.87
2832,2,1.90879001513468,63.94
2832,2,1.6945055722457,73.7
2832,2,-0.716194410255321,70.36
2832,2,0.730225579245292,64.01
2832,2,-0.301018302157923,57.35
2832,2,-0.649230521852515,68.25
2832,2,1.70789834992626,57.39
2841,4,-0.38137496824129,66.5
2841,4,0.556119469397996,36.71
2841,4,-0.100126636949505,50.16
2841,4,-1.27869107283889,50.28
2841,4,-1.30547662820002,52.18
2841,4,1.44004279631504,51.46
2841,4,1.6945055722457,35.73
2841,4,1.44004279631504,53.69
2841,4,-0.635837744171954,68.71
2841,4,0.315049471147894,44.75
2841,4,-1.27869107283889,43.91
2841,4,-0.676016077213638,33.41
2841,4,-0.287625524477362,45.72
2841,4,0.823975023009221,44.99
2841,4,0.248085582745088,47.73
2841,4,0.100765028258914,33.51
2841,4,0.823975023009221,60.51
2841,4,0.971295577495395,44.62
2841,4,-0.260839969116239,53.45
2841,4,1.2123655757455,55
2841,4,-0.234054413755117,31.21
2841,4,0.877546133731466,47.96
2841,4,-1.49297551572787,66.59
2841,4,-1.23851273979721,61.97
2841,4,-0.930478853144301,53.8
2842,1,-1.57333218181124,49.44
2842,1,-0.970657186185985,31.68
2842,1,-1.53315384876956,63.99
2842,1,-1.35904773892226,36.71
2842,1,-0.073341081588382,40.77
2842,1,0.114157805939475,52.12
2842,1,-0.354589412880168,30.88
2842,1,-1.61351051485292,40.01
2842,1,-1.37244051660282,38.55
2842,1,-1.98850828990864,42.27
2842,1,-1.55993940413068,41.62
2851,7,-0.903693297783179,34.24
2851,7,0.261478360425649,43.66
2851,7,0.368620581870139,37.74
2851,7,-0.622444966491393,25.47
2851,7,-1.65368884789461,54.77
2851,7,-1.19833440675553,52.72
2851,7,-0.180483303032872,38.93
2851,7,-1.7608310693391,34.49
2851,7,1.60075612848177,45.02
2851,7,0.59629780243968,64.05
2851,7,-0.408160523602413,44.41
2851,7,-0.756372743297005,59.1
2851,7,-0.676016077213638,66.11
2851,7,1.09183057662045,43.47
2851,7,-1.1715488513944,64.42
2851,7,-0.301018302157923,39.82
2851,7,-1.26529829515833,32.3
2851,7,-0.140304969991188,54.9
2851,7,-1.09119218531104,45.63
2851,7,-0.970657186185985,48.73
2851,7,-0.501909967366342,29.44
2851,7,-1.05101385226935,43.16
2851,7,-1.31886940588058,54.72
2851,7,-1.47958273804731,56.88
2851,7,-0.38137496824129,38.84
2851,7,-0.582266633449709,43.39
2851,7,-0.0063771931855758,55.71
2852,6,-0.997442741547107,34.7
2852,6,-0.555481078088587,44.97
2852,6,-1.38583329428338,43.9
2852,6,-1.7608310693391,40.48
2852,6,0.462370025634068,40.45
2852,6,-0.836729409380373,44.63
2852,6,0.783796689967537,38.93
2852,6,-2.1760071774365,37.42
2852,6,-0.729587187935883,44.24
2852,6,0.556119469397996,42.12
2852,6,1.11861613198157,43.33
2852,6,-1.66708162557517,53.41
2852,6,-0.314411079838484,55.7
2852,6,-0.0465555262272595,44.3
2852,6,-0.207268858393994,51.11
2852,6,-0.943871630824863,28.57
2852,6,-1.05101385226935,45.45
2852,6,-0.649230521852515,32.07
2852,6,-0.568873855769148,43.68
2852,6,-1.1715488513944,47.25
2852,6,-0.408160523602413,49.88
2852,6,-0.649230521852515,47.64
2852,6,0.154336138981159,42.71
2852,6,-0.113519414630066,38.03
2861,5,-0.287625524477362,44.64
2861,5,1.70789834992626,67.06
2861,5,-0.997442741547107,42.99
2861,5,-1.80100940238078,59.1
2861,5,-1.30547662820002,36.68
2861,5,-0.555481078088587,52
2861,5,-0.568873855769148,45.4
2861,5,-0.568873855769148,46.9
2861,5,-1.42601162732507,54.94
2861,5,-2.1760071774365,52.67
2861,5,-1.27869107283889,41.2
2861,5,-0.327803857519046,43.28
2861,5,-2.55100495249221,49.12
2861,5,-1.77422384701966,43.39
2861,5,-0.756372743297005,54.9
2861,5,0.181121694342282,50.91
2861,5,-1.23851273979721,55.56
2861,5,-0.542088300408025,55.29
2861,5,-1.07779940763047,43.53
2861,5,-1.54654662645012,38.92
2861,5,0.315049471147894,41.53
2861,5,-0.461731634324658,70.07
2861,5,-1.18494162907496,46.2
2861,5,0.448977247953506,44.7
2862,7,-0.649230521852515,33.36
2862,7,-1.15815607371384,35.15
2862,7,-1.27869107283889,34.73
2862,7,-1.96172273454752,48.76
2862,7,-0.301018302157923,51.32
2862,7,-0.0331627485466983,49.63
2862,7,-0.662623299533076,22.61
2862,7,1.39986446327335,42.76
2862,7,0.70344002388417,54.3
2862,7,-1.37244051660282,35.11
2862,7,0.181121694342282,42.16
2862,7,-0.126912192310627,44.64
2862,7,-0.943871630824863,38.93
2862,7,-1.53315384876956,37.08
2862,7,-0.38137496824129,40.98
2862,7,-1.39922607196394,29.51
2862,7,-1.86797329078359,54.33
2862,7,1.2123655757455,64.63
2862,7,-1.54654662645012,38.54
2862,7,1.84182612673187,67.82
2862,7,-1.18494162907496,55.08
2862,7,0.70344002388417,35.43
2862,7,-0.515302745046903,41.85
2862,7,-0.783158298658128,51.39
2862,7,0.194514472022843,48.03
2871,5,0.127550583620037,48.07
2871,5,0.221300027383965,41.27
2871,5,-0.220661636074556,63.51
2871,5,0.475762803314629,51.78
2871,5,-1.01083551922767,49.75
2871,5,0.435584470272945,41.73
2871,5,0.502548358675751,46.13
2871,5,0.529333914036874,58.3
2871,5,-0.0197699708661371,39.72
2871,5,-1.03762107458879,62
2871,5,-0.48851718968578,47.12
2871,5,0.0605866952172304,43.94
2871,5,-0.461731634324658,64.65
2871,5,0.0471939175366691,60.22
2871,5,0.448977247953506,53.22
2871,5,-0.997442741547107,35.86
2871,5,1.78825501600963,38.2
2871,5,0.569512247078557,43.39
2871,5,-1.42601162732507,40.64
2871,5,2.43110834467657,55.21
2871,5,0.194514472022843,53.15
2871,5,-0.274232746796801,46.47
2871,5,-0.0197699708661371,50.94
2871,5,-0.180483303032872,43.83
2871,5,1.15879446502325,60.47
2871,5,-1.05101385226935,34.19
2871,5,-0.59565941113027,35.1
2871,5,-0.180483303032872,48.93
2872,4,-1.42601162732507,45.41
2872,4,0.127550583620037,39.53
2872,4,-1.85458051310303,51.06
2872,4,-2.35011328728379,27.55
2872,4,0.743618356925854,46.58
2872,4,-0.113519414630066,49.02
2872,4,0.248085582745088,61.95
2872,4,-0.742979965616444,30.7
2872,4,-0.341196635199607,48.79
2872,4,0.48915558099519,47.7
2872,4,0.984688355175956,79.84
2872,4,-1.13137051835272,59.75
2872,4,0.127550583620037,63.72
2872,4,-1.31886940588058,39.62
2872,4,-0.823336631699811,38.44
2872,4,-0.220661636074556,50.18
2872,4,-0.408160523602413,62.13
2872,4,-0.783158298658128,53.53
2881,6,-0.48851718968578,42.59
2881,6,-0.70280163257476,42.51
2881,6,-0.0867338592689433,23.36
2881,6,-1.1045849629916,39.96
2881,6,-1.27869107283889,33.67
2881,6,1.2793294641483,47.56
2881,6,0.341835026509016,51.11
2881,6,-1.06440662994991,30.66
2881,6,2.12307445802366,38.06
2881,6,-1.47958273804731,32.37
2881,6,-1.15815607371384,27.56
2881,6,-1.41261884964451,38.39
2881,6,-1.22511996211665,37.28
2881,6,-0.140304969991188,32.78
2881,6,-2.36350606496435,41.86
2881,6,-0.394767745921852,44.23
2881,6,0.823975023009221,38.77
2881,6,0.0873722505783528,41.69
2881,6,0.448977247953506,83.27
2881,6,-0.649230521852515,43.06
2881,6,-1.07779940763047,47.27
2881,6,1.89539723745412,50.33
2881,6,-0.234054413755117,45.37
2881,6,-1.22511996211665,47.38
2881,6,-1.73404551397798,53.18
2881,6,-1.47958273804731,51.68
2881,6,-1.06440662994991,27.88
2881,6,-0.394767745921852,43.16
2891,6,-0.542088300408025,41.5
2891,6,0.395406137231261,56.09
2891,6,-0.635837744171954,34.78
2891,6,-0.850122187060934,46.6
2891,6,-1.42601162732507,50.36
2891,6,-1.65368884789461,45.68
2891,6,-0.649230521852515,40.92
2891,6,-2.21618551047818,34.71
2891,6,-1.33226218356114,42.76
2891,6,0.48915558099519,43.4
2891,6,1.39986446327335,50.04
2891,6,0.261478360425649,54.07
2891,6,1.05165224357876,42.22
2891,6,-1.06440662994991,49.36
2891,6,-1.19833440675553,51.26
2891,6,-1.06440662994991,45.4
2891,6,-0.59565941113027,44.92
2891,6,0.623083357800802,50.74
2891,6,0.0204083621755467,39.49
2891,6,-0.943871630824863,33.12
2891,6,-0.354589412880168,47.15
2891,6,-0.756372743297005,40.96
2891,6,0.154336138981159,55.28
2891,6,0.181121694342282,40.45
3101,4,1.2793294641483,41.88
3101,4,0.743618356925854,57.84
3101,4,-1.18494162907496,37.46
3101,4,0.998081132856517,52.7
3101,4,0.971295577495395,63.67
3101,4,1.78825501600963,42.04
3101,4,-0.79655107633869,53.76
3101,4,-0.38137496824129,45.25
3101,4,0.234692805064526,57.92
3101,4,0.0338011398561079,59.6
3101,4,2.12307445802366,56.59
3101,4,1.34629335255111,57.74
3101,4,0.716832801564731,44.62
3102,3,0.93111724445371,45.11
3102,3,1.18558002038437,74.87
3102,3,0.743618356925854,38.94
3102,3,0.783796689967537,52.01
3102,3,-0.970657186185985,45.17
3102,3,-0.91708607546374,42.74
3102,3,1.07843779893988,57.96
3102,3,0.0338011398561079,30.35
3102,3,1.37307890791223,61.15
3102,3,-2.04207940063088,51.59
3102,3,0.0471939175366691,49.49
3102,3,-1.86797329078359,43.96
3102,3,0.663261690842486,60.98
3102,3,-1.14476329603328,35.58
3102,3,0.743618356925854,60.82
3102,3,-0.38137496824129,43.77
3111,6,-0.180483303032872,57.6
3111,6,0.515941136356312,44.07
3111,6,0.676654468523047,28.23
3111,6,-1.78761662470022,33.66
3111,6,-0.649230521852515,36.74
3111,6,0.81058224532866,39.27
3111,6,1.81504057137075,46.27
3111,6,1.18558002038437,44.11
3111,6,-0.126912192310627,31.81
3111,6,-0.59565941113027,37.26
3111,6,0.194514472022843,34.8
3111,6,0.877546133731466,51.8
3111,6,0.81058224532866,40.55
3111,6,0.529333914036874,50.17
3111,6,0.00701558449498541,50.97
3111,6,-0.582266633449709,37.04
3111,6,-0.876907742422056,48.1
3111,6,-0.260839969116239,41.99
3111,6,0.154336138981159,34.94
3111,6,-1.22511996211665,34.83
3111,6,1.76146946064851,59.81
3111,6,-1.519761071089,55.26
3111,6,0.341835026509016,46.32
3111,6,1.46682835167616,61.99
3111,6,-0.997442741547107,34.37
3111,6,-1.33226218356114,37.51
3111,6,-0.542088300408025,45.82
3112,4,-0.568873855769148,32.71
3112,4,-0.180483303032872,46.37
3112,4,1.23915113110662,60.96
3112,4,0.248085582745088,33.26
3112,4,1.68111279456514,52.83
3112,4,0.154336138981159,48.55
3112,4,2.27039501250983,30.61
3112,4,-1.19833440675553,27.48
3112,4,0.114157805939475,44.92
3112,4,-1.07779940763047,48.1
3112,4,-1.41261884964451,39.44
3112,4,0.663261690842486,63.57
3112,4,0.100765028258914,59.24
3112,4,-1.21172718443609,45.78
3112,4,-0.649230521852515,73
3112,4,0.435584470272945,50.6
3112,4,0.91772446677315,56.43
3121,4,1.56057779544009,42.65
3121,4,0.0204083621755467,48.71
3121,4,0.690047246203609,46.9
3121,4,0.0204083621755467,35.65
3121,4,0.743618356925854,35.05
3121,4,-0.341196635199607,45.17
3121,4,0.341835026509016,59.52
3121,4,0.649868913161925,59.19
3121,4,1.01147391053708,58.84
3121,4,-0.501909967366342,30.41
3121,4,-0.716194410255321,51.99
3121,4,1.05165224357876,56.08
3121,4,0.328442248828455,49.96
3121,4,-0.515302745046903,50.7
3121,4,0.234692805064526,52.87
3122,4,2.53825056612106,75.62
3122,4,2.21682390178759,55.86
3122,4,1.09183057662045,66.16
3122,4,1.35968613023167,62.43
3261,6,0.100765028258914,41.58
3261,6,0.0605866952172304,38.96
3261,6,0.556119469397996,56.95
3261,6,1.39986446327335,48.14
3261,6,2.1096816803431,51.62
3261,6,-0.997442741547107,39.05
3261,6,2.12307445802366,47.17
3261,6,1.49361390703728,50.11
3261,6,0.542726691717435,49
3261,6,0.368620581870139,57.17
3261,6,0.542726691717435,52.5
3261,6,-1.80100940238078,37.95
3261,6,0.154336138981159,37.61
3261,6,0.341835026509016,34.05
3261,6,0.448977247953506,46.11
3261,6,0.649868913161925,34.13
3261,6,-1.50636829340843,45.14
3261,6,-0.0197699708661371,35
3261,6,-0.140304969991188,47.95
3262,4,1.23915113110662,59.97
3262,4,-0.100126636949505,58.57
3262,4,-0.0599483039078208,70.4
3262,4,0.448977247953506,52.84
3262,4,1.73468390528739,28.62
3262,4,0.248085582745088,69.1
3262,4,0.100765028258914,52.88
3262,4,0.542726691717435,56.82
3262,4,-0.80994385401925,39.14
3262,4,0.676654468523047,54.97
3262,4,0.569512247078557,50.73
3262,4,0.0605866952172304,67.46
3262,4,-0.662623299533076,50.87
3262,4,-0.649230521852515,63.87
3262,4,0.181121694342282,57.6
3262,4,0.770403912286976,47.45
3262,4,0.569512247078557,46.44
3262,4,0.315049471147894,53.28
3262,4,-0.0599483039078208,58.69
3262,4,0.609690580120241,52.45
3262,4,-0.742979965616444,42.02
3262,4,-0.341196635199607,33.19
3262,4,-0.167090525352311,39.03
3262,4,0.649868913161925,38.47
3271,8,0.542726691717435,48.23
3271,8,-0.609052188810832,34.81
3271,8,-0.769765520977566,55.7
3271,8,-1.39922607196394,43.17
3271,8,-0.609052188810832,40.6
3271,8,1.96236112585693,53.69
3271,8,0.355227804189578,38.07
3271,8,-1.18494162907496,36.24
3271,8,0.248085582745088,42.16
3271,8,0.341835026509016,54.11
3271,8,0.475762803314629,40.03
3271,8,0.904331689092588,59.01
3271,8,0.315049471147894,32.85
3271,8,0.623083357800802,47.01
3271,8,0.515941136356312,39.07
3271,8,1.06504502125932,43.82
3271,8,0.27487113810621,40.19
3271,8,-0.0599483039078208,40.4
3271,8,0.475762803314629,50.35
3271,8,-0.301018302157923,40.58
3271,8,0.636476135481364,47.45
3271,8,-0.515302745046903,47.09
3271,8,-1.66708162557517,48.25
3271,8,-0.0197699708661371,35.4
3271,8,-0.38137496824129,34.16
3271,8,-0.408160523602413,43.34
3271,8,0.542726691717435,37.92
3272,6,1.07843779893988,51.02
3272,6,-0.0465555262272595,52.66
3272,6,-0.140304969991188,47.09
3272,6,-0.314411079838484,35.97
3272,6,-1.41261884964451,36.31
3272,6,0.00701558449498541,58.43
3272,6,2.41771556699601,49
3272,6,-0.756372743297005,31.41
3272,6,-0.247447191435678,62.18
3272,6,-2.10904328903369,37.45
3272,6,-0.501909967366342,37.66
3272,6,-0.649230521852515,45.94
3272,6,-1.73404551397798,55.05
3272,6,-1.39922607196394,37.14
3272,6,-1.73404551397798,52.02
3272,6,-0.555481078088587,60.94
3272,6,-0.0465555262272595,39.51
3272,6,-1.3456549612417,52.8
3272,6,1.17218724270381,50.77
3272,6,-1.25190551747777,61.42
3272,6,0.690047246203609,36.36
3272,6,0.0204083621755467,36.37
3282,8,-1.06440662994991,45.44
3282,8,-1.03762107458879,40.68
3282,8,-0.528695522727464,36
3282,8,0.315049471147894,41.23
3282,8,-1.25190551747777,37.95
3282,8,0.341835026509016,31.78
3282,8,-1.30547662820002,35.52
3282,8,-0.367982190560729,30.69
3282,8,-1.06440662994991,36.61
3282,8,-0.649230521852515,43.73
3282,8,-1.19833440675553,33.07
3282,8,-0.48851718968578,31.97
3282,8,-0.461731634324658,35.68
3381,6,1.05165224357876,62.09
3381,6,1.31950779718999,49.85
3381,6,0.70344002388417,59.68
3381,6,-0.930478853144301,65.1
3381,6,-0.70280163257476,41.49
3381,6,0.542726691717435,50.53
3381,6,0.3820133595507,56.85
3381,6,-0.863514964741495,61.21
3381,6,-0.341196635199607,58.09
3381,6,0.904331689092588,61.68
3381,6,-0.783158298658128,52.6
3381,6,0.783796689967537,60.88
3381,6,-0.367982190560729,56.05
3381,6,-1.02422829690823,48.99
3381,6,-0.769765520977566,55.85
3381,6,-0.609052188810832,61.86
3381,6,-0.70280163257476,38.58
3381,6,-0.220661636074556,47.76
3381,6,-0.180483303032872,45.49
3381,6,0.0338011398561079,51.27
3381,6,-0.38137496824129,58.56
3381,6,0.114157805939475,50.59
3381,6,0.181121694342282,52.33
3381,6,0.81058224532866,51.51
3381,6,-1.35904773892226,52.04
3381,6,1.49361390703728,49.87
3381,6,0.154336138981159,52.27
3382,8,0.70344002388417,46.74
3382,8,0.248085582745088,41.73
3382,8,-0.997442741547107,42.34
3382,8,0.16772891666172,34.11
3382,8,-0.970657186185985,42.09
3382,8,1.46682835167616,43.17
3382,8,-0.394767745921852,41.04
3382,8,-0.314411079838484,37.77
3382,8,-1.37244051660282,35.89
3382,8,-1.19833440675553,27.1
3382,8,-0.113519414630066,39.63
3382,8,-0.890300520102618,28.81
3382,8,-0.247447191435678,50.26
3382,8,-0.649230521852515,36.96
3382,8,0.502548358675751,43.79
3382,8,-0.729587187935883,48.46
3382,8,-1.1045849629916,45.37
3391,6,-1.78761662470022,46.92
3391,6,0.70344002388417,46.08
3391,6,-1.86797329078359,71.31
3391,6,-1.06440662994991,33.09
3391,6,0.00701558449498541,68.67
3391,6,0.609690580120241,49.75
3391,6,0.27487113810621,53.83
3391,6,-1.21172718443609,55.72
3391,6,1.6945055722457,45.45
3391,6,-0.555481078088587,45.37
3391,6,-2.09565051135313,46.23
3391,6,-1.97511551222808,43.32
3391,6,0.59629780243968,59.8
3391,6,-0.461731634324658,22.58
3391,6,0.890938911412027,47.71
3391,6,-0.783158298658128,45.53
3391,6,0.248085582745088,47.37
3391,6,-0.475124412005219,45.21
3391,6,-1.77422384701966,50.99
3391,6,0.328442248828455,53.14
3391,6,1.54718501775953,42.25
3391,6,-1.37244051660282,60.76
3391,6,0.502548358675751,42.59
3392,4,0.971295577495395,63.86
3392,4,0.864153356050905,57.05
3392,4,-0.0331627485466983,39.52
3392,4,-0.434946078963535,60.05
3392,4,0.797189467648099,56.02
3392,4,1.66772001688458,61.22
3392,4,-0.421553301282974,57.02
3392,4,1.49361390703728,54.91
3392,4,-0.542088300408025,57.76
3392,4,0.408798914911823,53.31
3392,4,0.408798914911823,46.86
3392,4,1.53379224007897,57.36
3392,4,-0.421553301282974,56.55
3401,8,-1.50636829340843,36.46
3401,8,0.623083357800802,48.25
3401,8,-0.970657186185985,30.78
3401,8,-0.742979965616444,57.02
3401,8,-0.756372743297005,58.51
3401,8,-0.528695522727464,35.82
3401,8,0.328442248828455,39.13
3401,8,0.0605866952172304,47.8
3401,8,-0.542088300408025,44.15
3401,8,2.02932501425973,59.43
3401,8,-0.742979965616444,53.94
3401,8,-0.113519414630066,50.34
3401,8,-1.30547662820002,49.39
3401,8,-0.153697747671749,29.01
3401,8,-0.0197699708661371,35.99
3401,8,-0.501909967366342,35.07
3401,8,0.355227804189578,41.96
3401,8,-1.06440662994991,53.31
3401,8,-1.25190551747777,47.48
3401,8,0.27487113810621,32.08
3401,8,0.93111724445371,52.27
3402,7,0.48915558099519,55.08
3402,7,-0.903693297783179,42.62
3402,7,0.944510022134272,38.36
3402,7,-0.70280163257476,54.73
3402,7,-0.729587187935883,34.9
3402,7,-0.742979965616444,30.75
3402,7,-1.519761071089,32.9
3402,7,-0.180483303032872,33.32
3402,7,0.00701558449498541,26.46
3402,7,0.27487113810621,34.64
3402,7,-0.327803857519046,52.21
3402,7,-0.930478853144301,34.92
3402,7,0.100765028258914,39.53
3411,1,0.462370025634068,63.51
3411,1,-0.367982190560729,63.4
3411,1,1.11861613198157,49.91
3411,1,1.09183057662045,53.43
3411,1,1.90879001513468,48.83
3411,1,2.33735890091264,49.93
3411,1,1.6945055722457,62.79
3411,1,2.14986001338478,64.09
3411,1,-0.0197699708661371,79.49
3411,1,-0.635837744171954,72.55
3411,1,-0.582266633449709,84
3411,1,0.154336138981159,57.69
3411,1,1.81504057137075,52.53
3412,1,1.14540168734269,62.48
3412,1,-0.783158298658128,42.74
3412,1,0.944510022134272,64.11
3412,1,0.743618356925854,53.75
3412,1,-0.247447191435678,55.42
3412,1,-1.62690329253349,53.54
3412,1,-0.234054413755117,40.13
3412,1,0.0739794728977916,45.13
3412,1,0.0338011398561079,61.12
3412,1,0.890938911412027,53.87
3412,1,-0.408160523602413,47.97
3412,1,0.48915558099519,43.9
3421,8,0.100765028258914,48.23
3421,8,0.984688355175956,37.81
3421,8,-0.448338856644097,47.35
3421,8,-0.957264408505424,56.62
3421,8,-0.394767745921852,44.97
3421,8,0.435584470272945,25.28
3421,8,-0.729587187935883,54.35
3421,8,-0.180483303032872,56.86
3421,8,-0.662623299533076,41.63
3421,8,-0.716194410255321,55.61
3421,8,-0.461731634324658,62.35
3421,8,1.49361390703728,50.82
3421,8,0.556119469397996,57.17
3421,8,-0.260839969116239,36.79
3421,8,1.56057779544009,39.84
3421,8,-0.970657186185985,32.85
3421,8,-0.301018302157923,61.18
3421,8,-0.91708607546374,39.68
3421,8,-1.90815162382527,41.66
3421,8,-0.528695522727464,46.64
3432,7,-0.890300520102618,35.15
3432,7,-0.408160523602413,32.17
3432,7,-0.421553301282974,52.36
3432,7,-0.247447191435678,48.27
3432,7,-0.367982190560729,25.87
3441,1,-0.515302745046903,56.17
3441,1,-1.53315384876956,37.91
3441,1,0.0204083621755467,38.19
3441,1,-1.30547662820002,58.9
3441,1,-0.823336631699811,57.52
3441,1,0.957902799814833,52.41
3441,1,0.676654468523047,31.98
3441,1,0.221300027383965,33.64
3441,1,-1.62690329253349,47.22
3441,1,-1.64029607021405,46.94
3441,1,0.301656693467333,33.09
3441,1,-0.609052188810832,47.7
3441,1,-0.676016077213638,36.01
3441,1,-0.367982190560729,39.1
3451,2,-1.53315384876956,38.26
3451,2,-1.1715488513944,55.33
3451,2,-0.274232746796801,37.47
3451,2,0.515941136356312,30.15
3451,2,0.877546133731466,44.88
3451,2,0.27487113810621,46.05
3451,2,-0.970657186185985,32.28
3451,2,-0.836729409380373,53.84
3451,2,0.676654468523047,46.8
3451,2,0.261478360425649,60.35
3451,2,-0.287625524477362,47.24
3451,2,-1.49297551572787,32.95
3451,2,-0.59565941113027,43.38
3451,2,0.48915558099519,58.92
3451,2,0.770403912286976,36.55
3451,2,0.355227804189578,49.53
3451,2,0.462370025634068,27.88
3451,2,-0.475124412005219,42.73
3451,2,-0.850122187060934,57.23
3451,2,1.49361390703728,44.32
3451,2,-1.55993940413068,43.47
3451,2,-1.1045849629916,40.07
3451,2,-1.23851273979721,34.82
3451,2,-0.0867338592689433,41.19
3452,1,0.328442248828455,39.95
3452,1,-0.448338856644097,66.62
3452,1,0.823975023009221,54.45
3452,1,-0.528695522727464,30.85
3452,1,0.0204083621755467,52.96
3452,1,0.140943361300598,47.43
3452,1,1.48022112935672,48.87
3452,1,-0.622444966491393,58.11
3452,1,1.6275416838429,46.53
3452,1,-0.957264408505424,50.76
3452,1,0.690047246203609,40.58
3452,1,-0.475124412005219,58.26
3452,1,-1.37244051660282,50.4
3452,1,1.06504502125932,46.87
3452,1,0.114157805939475,40.59
3561,5,2.20343112410703,47.81
3561,5,-0.153697747671749,46.43
3561,5,1.96236112585693,64.73
3561,5,-0.903693297783179,40.79
3561,5,-0.234054413755117,54.47
3561,5,0.904331689092588,43.66
3561,5,1.09183057662045,54.13
3561,5,0.864153356050905,61.37
3561,5,-0.301018302157923,57.48
3561,5,0.998081132856517,63.36
3561,5,-1.19833440675553,44.31
3561,5,2.1096816803431,45.53
3561,5,0.435584470272945,51.42
3561,5,0.59629780243968,60.42
3561,5,2.12307445802366,62.56
3561,5,0.93111724445371,54.03
3561,5,0.837367800689782,60.38
3562,4,1.14540168734269,40.5
3562,4,1.35968613023167,59.45
3562,4,1.05165224357876,55.11
3562,4,0.890938911412027,56.21
3562,4,1.94896834817637,69.23
3562,4,1.02486668821764,63.83
3562,4,0.890938911412027,45.59
3562,4,1.70789834992626,68.05
3562,4,1.30611501950943,62.95
3562,4,-0.742979965616444,60.81
3562,4,-0.220661636074556,60.33
3562,4,0.261478360425649,50.91
3562,4,-0.180483303032872,58.43
3562,4,1.19897279806494,55.54
3562,4,1.44004279631504,68.99
3562,4,2.13646723570422,56.11
3562,4,0.730225579245292,47.85
3562,4,0.368620581870139,46.85
3562,4,-1.19833440675553,69.55
3562,4,1.4534355739956,47.48
3562,4,1.96236112585693,72.19
3562,4,1.78825501600963,56.78
3571,3,1.01147391053708,53.64
3571,3,1.2793294641483,60.68
3571,3,-0.354589412880168,47.62
3571,3,0.904331689092588,35.31
3571,3,0.823975023009221,54.37
3571,3,1.41325724095392,61.85
3571,3,1.19897279806494,56.25
3571,3,-0.180483303032872,47.67
3571,3,-0.153697747671749,54.13
3571,3,0.408798914911823,49.83
3571,3,2.21682390178759,58.58
3571,3,1.13200890966213,61.38
3571,3,2.53825056612106,56.11
3571,3,1.52039946239841,67.77
3571,3,1.58736335080121,72.48
3571,3,0.783796689967537,35.62
3571,3,-1.30547662820002,53
3571,3,1.37307890791223,60.69
3571,3,-0.421553301282974,51.47
3571,3,1.34629335255111,43.35
3571,3,0.770403912286976,52.37
3631,4,-0.367982190560729,47.32
3631,4,0.971295577495395,49.36
3631,4,0.823975023009221,68.77
3631,4,0.154336138981159,62.32
3631,4,1.30611501950943,60.13
3631,4,0.154336138981159,48.04
3631,4,0.194514472022843,35.16
3631,4,0.757011134606415,48.05
3631,4,0.944510022134272,56.48
3631,4,-0.394767745921852,52.96
3631,4,-0.073341081588382,43.68
3631,4,0.529333914036874,49.61
3631,4,1.22575835342606,68.98
3631,4,2.08289612498198,55.09
3631,4,1.73468390528739,64.44
3631,4,1.48022112935672,48.16
3631,4,-0.0197699708661371,56.4
3631,4,0.328442248828455,56.35
3631,4,0.288263915786771,51.24
3631,4,-0.997442741547107,50.22
3631,4,0.890938911412027,68.46
3631,4,-0.515302745046903,53.58
3631,4,1.23915113110662,49.65
3631,4,2.25700223482927,65.95
3631,4,1.61414890616233,34.77
3631,4,1.44004279631504,52.78
3632,5,0.730225579245292,38.31
3632,5,-0.207268858393994,49.74
3632,5,1.73468390528739,57.46
3632,5,0.890938911412027,48.22
3632,5,0.529333914036874,48.12
3632,5,1.35968613023167,59.15
3632,5,0.569512247078557,63.94
3632,5,-0.421553301282974,40.1
3632,5,-0.863514964741495,43.41
3632,5,2.33735890091264,59.86
3632,5,-0.689408854894199,47.28
3632,5,-0.662623299533076,28.55
3632,5,1.09183057662045,49.9
3632,5,0.716832801564731,42.25
3632,5,-0.876907742422056,44.14
3632,5,0.770403912286976,46.67
3632,5,-0.80994385401925,46.91
3632,5,-0.0465555262272595,56.72
3632,5,0.154336138981159,49.39
3632,5,-0.635837744171954,49.56
3632,5,-1.1715488513944,38.97
3632,5,-0.421553301282974,44.27
3632,5,1.68111279456514,66.26
3632,5,1.46682835167616,42.34
3632,5,-0.100126636949505,40.88
3632,5,-0.247447191435678,64.58
3632,5,-0.515302745046903,45.16
3632,5,0.690047246203609,54.19
3632,5,0.609690580120241,50.73
3632,5,-0.0331627485466983,40.54
3641,5,1.05165224357876,60.44
3641,5,1.19897279806494,40.63
3641,5,1.02486668821764,57.74
3641,5,-1.05101385226935,40.79
3641,5,-0.421553301282974,43.21
3641,5,0.91772446677315,50.13
3641,5,-1.65368884789461,37.08
3641,5,-1.53315384876956,48.18
3641,5,-1.09119218531104,29.71
3641,5,0.823975023009221,72.43
3641,5,-0.354589412880168,43.77
3641,5,-0.073341081588382,49.18
3641,5,0.301656693467333,47.63
3641,5,-0.48851718968578,44.94
3641,5,-0.542088300408025,59.78
3641,5,-0.609052188810832,38.93
3641,5,-1.23851273979721,43.63
3641,5,-0.930478853144301,51.34
3641,5,-0.234054413755117,51
3641,5,0.971295577495395,46.3
3642,7,-0.528695522727464,56.14
3642,7,-1.06440662994991,38.46
3642,7,1.4534355739956,57.21
3642,7,-1.53315384876956,50.47
3642,7,-1.7608310693391,47.34
3642,7,-0.649230521852515,47.54
3642,7,-1.97511551222808,47.13
3642,7,-0.70280163257476,66.16
3642,7,-1.25190551747777,59.96
3642,7,0.0605866952172304,37.97
3642,7,-1.18494162907496,30.17
3642,7,-1.18494162907496,54.08
3642,7,-0.863514964741495,51.48
3642,7,-1.31886940588058,48.79
3642,7,1.35968613023167,47.46
3642,7,-1.22511996211665,46.31
3642,7,-1.37244051660282,60.17
3642,7,0.716832801564731,47.56
3642,7,-1.78761662470022,26.38
3642,7,-0.903693297783179,42.77
3662,4,0.944510022134272,61.1
3662,4,0.0605866952172304,36.34
3662,4,0.355227804189578,33.71
3662,4,-0.984049963866546,67.09
3662,4,0.890938911412027,48.08
3662,4,0.864153356050905,44.74
3662,4,-0.582266633449709,50.43
3662,4,0.850760578370343,66.19
3662,4,1.22575835342606,64.52
3662,4,1.60075612848177,49.29
3662,4,0.582905024759119,60.45
3662,4,-0.287625524477362,50.49
3662,4,-0.073341081588382,44.1
3662,4,1.6945055722457,51.03
3662,4,-1.39922607196394,34.54
3662,4,0.127550583620037,62.06
3662,4,0.59629780243968,62.59
3662,4,1.2793294641483,62.27
3662,4,0.48915558099519,50.11
3662,4,0.716832801564731,39.9
3662,4,0.502548358675751,52.78
3662,4,-1.21172718443609,52.19
3662,4,0.663261690842486,42.4
3662,4,-0.0197699708661371,58.32
3662,4,1.74807668296795,56
3672,7,-0.207268858393994,36.67
3672,7,-0.193876080713433,56.94
3672,7,1.97575390353749,50.32
3672,7,0.448977247953506,51.76
3672,7,0.0873722505783528,38.85
3672,7,-1.13137051835272,43.8
3672,7,-1.27869107283889,45.33
3672,7,-0.48851718968578,49.19
3681,8,0.48915558099519,59.4
3681,8,-1.21172718443609,30.76
3681,8,-0.662623299533076,48.84
3681,8,1.31950779718999,46.12
3681,8,-0.943871630824863,45.57
3681,8,-1.05101385226935,38.25
3681,8,-1.35904773892226,31.2
3681,8,-0.287625524477362,51.25
3681,8,0.529333914036874,44.4
3681,8,-0.528695522727464,47.2
3681,8,2.33735890091264,60.47
3681,8,1.52039946239841,59.81
3681,8,-1.26529829515833,41.22
3681,8,-1.50636829340843,37.78
3681,8,-0.501909967366342,46.38
3681,8,0.194514472022843,40.2
3681,8,-0.100126636949505,32.59
3681,8,0.288263915786771,46.54
3681,8,0.194514472022843,41.39
3681,8,-0.140304969991188,49.8
3681,8,-0.957264408505424,44.59
3681,8,-0.38137496824129,31.56
3681,8,-1.3456549612417,43.61
3681,8,-2.20279273279762,43.66
3681,8,-0.716194410255321,62.82
3682,7,0.140943361300598,34.08
3682,7,0.154336138981159,42.45
3682,7,0.422191692592384,51.4
3682,7,0.462370025634068,49.71
3682,7,0.93111724445371,46.13
3682,7,1.56057779544009,68.22
3682,7,-0.461731634324658,54.47
3682,7,-1.23851273979721,29.19
3682,7,0.341835026509016,37.22
3682,7,0.797189467648099,47.24
3682,7,-0.354589412880168,45.11
3682,7,-0.38137496824129,52.29
3682,7,0.48915558099519,51.76
3682,7,-1.54654662645012,47.08
3682,7,-0.984049963866546,41.26
3682,7,-0.260839969116239,46.85
3682,7,0.81058224532866,46.12
3682,7,0.663261690842486,47.52
3682,7,-0.354589412880168,46.23
3682,7,-1.53315384876956,51.02
3682,7,-0.341196635199607,52.68
3691,8,-1.69386718093629,32.11
3691,8,-1.07779940763047,53.89
3691,8,-0.153697747671749,46.11
3691,8,0.770403912286976,51.3
3691,8,-0.274232746796801,45.62
3691,8,-1.07779940763047,41.36
3691,8,-0.220661636074556,48.98
3691,8,0.582905024759119,57.27
3691,8,-1.33226218356114,36.79
3691,8,-1.77422384701966,31.97
3691,8,1.35968613023167,53.89
3691,8,-1.81440218006134,50.54
3691,8,0.448977247953506,34.89
3691,8,0.435584470272945,51.57
3691,8,-0.314411079838484,35
3691,8,1.25254390878718,57.81
3691,8,0.288263915786771,58.98
3691,8,1.64093446152346,37.4
3691,8,-0.635837744171954,31.91
3691,8,1.25254390878718,56.78
3691,8,-0.073341081588382,48.43
3691,8,0.877546133731466,40.65
3691,8,0.59629780243968,57.64
3691,8,0.59629780243968,49.19
3691,8,-0.341196635199607,36.75
3691,8,-0.0599483039078208,35.97
3691,8,-0.314411079838484,52.68
3692,5,-0.341196635199607,49.6
3692,5,1.30611501950943,64.88
3692,5,-0.260839969116239,54.14
3692,5,-0.555481078088587,49.68
3692,5,1.56057779544009,57.53
3692,5,1.46682835167616,61.81
3692,5,0.743618356925854,57.62
3692,5,0.435584470272945,27.87
3692,5,-0.153697747671749,41.18
3692,5,0.783796689967537,68.95
3692,5,1.23915113110662,50.43
3692,5,1.30611501950943,65.62
3692,5,-1.06440662994991,34.81
3692,5,-0.850122187060934,34.45
3692,5,-0.301018302157923,48.77
3692,5,0.797189467648099,59.68
3692,5,-1.31886940588058,71.65
3692,5,0.623083357800802,57.7
3692,5,-0.79655107633869,59.19
3692,5,-0.501909967366342,47.8
3692,5,0.757011134606415,62.73
3692,5,1.81504057137075,59.31
3692,5,-1.53315384876956,36.19
3692,5,0.93111724445371,55.36
3692,5,0.00701558449498541,45.34
3692,5,1.29272224182886,60.27
3692,5,-1.19833440675553,57.31
3692,5,-1.23851273979721,53.32
3692,5,-1.18494162907496,43.81
3692,5,-1.09119218531104,52.49
3692,5,0.877546133731466,52.61
3701,5,-0.756372743297005,44.37
3701,5,-1.11797774067216,58.12
3701,5,-0.247447191435678,50.76
3701,5,-0.676016077213638,53.41
3701,5,2.1096816803431,59.47
3701,5,0.837367800689782,47.92
3701,5,0.368620581870139,58.59
3701,5,0.582905024759119,51.18
3701,5,-0.542088300408025,62.03
3701,5,0.0338011398561079,52.52
3701,5,-1.53315384876956,49.41
3701,5,-0.970657186185985,45.14
3701,5,1.30611501950943,56.6
3701,5,0.649868913161925,50.14
3701,5,-1.41261884964451,45.59
3701,5,0.663261690842486,64.56
3701,5,0.368620581870139,53.19
3701,5,2.02932501425973,49.29
3701,5,1.52039946239841,62.04
3701,5,-0.073341081588382,46.03
3701,5,0.636476135481364,48.52
3701,5,-1.19833440675553,34.53
3701,5,-1.27869107283889,40.65
3701,5,1.19897279806494,49.38
3702,8,-0.48851718968578,49.45
3702,8,-0.80994385401925,62.16
3702,8,-1.39922607196394,50.38
3702,8,-1.06440662994991,39.93
3702,8,1.02486668821764,33.23
3702,8,1.01147391053708,48.59
3702,8,1.49361390703728,62.84
3702,8,0.716832801564731,50.1
3702,8,0.623083357800802,34.55
3702,8,-0.220661636074556,59.14
3702,8,0.797189467648099,50.54
3702,8,-1.74743829165854,39.09
3702,8,-1.31886940588058,54.6
3702,8,-1.519761071089,39.59
3702,8,-1.13137051835272,47.87
3702,8,1.58736335080121,58.69
3702,8,0.181121694342282,52.53
3702,8,-0.970657186185985,50.49
3702,8,0.0204083621755467,36.77
3702,8,0.649868913161925,50.11
3702,8,1.58736335080121,62.42
3702,8,0.435584470272945,50.71
3702,8,-1.30547662820002,43.24
3702,8,-1.21172718443609,56.25
3702,8,-1.53315384876956,38.42
3702,8,0.234692805064526,54.95
3702,8,-0.823336631699811,30.29
3702,8,0.890938911412027,47.66
3702,8,-0.421553301282974,55.43
3702,8,0.154336138981159,29.73
